---- Inserir categorias
--INSERT INTO tb_categories (id, name) VALUES (1, 'Electronics');
--INSERT INTO tb_categories (id, name) VALUES (2, 'Books');
--INSERT INTO tb_categories (id, name) VALUES (3, 'Computers');
--
---- Inserir produtos
--INSERT INTO tb_products (id, name, description, price, img_url) VALUES (1, 'The Lord of the Rings', 'Lorem ipsum dolor sit amet, consectetur.', 90.5, '');
--INSERT INTO tb_products (id, name, description, price, img_url) VALUES (2, 'Smart TV', 'Nulla eu imperdiet purus. Maecenas ante.', 2190.0, '');
--INSERT INTO tb_products (id, name, description, price, img_url) VALUES (3, 'Macbook Pro', 'Nam eleifend maximus tortor, at mollis.', 1250.0, '');
--INSERT INTO tb_products (id, name, description, price, img_url) VALUES (4, 'PC Gamer', 'Donec aliquet odio ac rhoncus cursus.', 1200.0, '');
--INSERT INTO tb_products (id, name, description, price, img_url) VALUES (5, 'Rails for Dummies', 'Cras fringilla convallis sem vel faucibus.', 100.99, '');
--
---- Relacionar produtos com categorias
--INSERT INTO tb_product_category (product_id, category_id) VALUES (1, 2);
--INSERT INTO tb_product_category (product_id, category_id) VALUES (2, 1);
--INSERT INTO tb_product_category (product_id, category_id) VALUES (2, 3);
--INSERT INTO tb_product_category (product_id, category_id) VALUES (3, 3);
--INSERT INTO tb_product_category (product_id, category_id) VALUES (4, 3);
--INSERT INTO tb_product_category (product_id, category_id) VALUES (5, 2);
--
---- Inserir usuários
--INSERT INTO tb_users (id, name, email, phone, password) VALUES (1, 'Maria Brown', 'maria@gmail.com', '988888888', '123456');
--INSERT INTO tb_users (id, name, email, phone, password) VALUES (2, 'Alex Green', 'alex@gmail.com', '977777777', '123456');
--
---- Inserir pedidos
--INSERT INTO tb_orders (id, moment, order_status, client_id) VALUES (1, '2019-06-20 19:53:07', 2, 1);
--INSERT INTO tb_orders (id, moment, order_status, client_id) VALUES (2, '2019-07-21 03:42:10', 1, 2);
--INSERT INTO tb_orders (id, moment, order_status, client_id) VALUES (3, '2019-07-22 15:21:22', 1, 1);
--
---- Inserir itens de pedido
--INSERT INTO tb_order_item (order_id, product_id, quantity, price) VALUES (1, 1, 2, 90.5);
--INSERT INTO tb_order_item (order_id, product_id, quantity, price) VALUES (1, 3, 1, 1250.0);
--INSERT INTO tb_order_item (order_id, product_id, quantity, price) VALUES (2, 3, 2, 1250.0);
--INSERT INTO tb_order_item (order_id, product_id, quantity, price) VALUES (3, 5, 2, 100.99);
--
---- Inserir pagamentos
--INSERT INTO tb_payments (id, moment, order_id) VALUES (1, '2019-06-20 21:53:07', 1);
